{"train/global_step":3,"_wandb":{"runtime":18},"_timestamp":1.763024875202415e+09,"train_runtime":20.9287,"train_steps_per_second":0.143,"train/epoch":3,"total_flos":2.3076910347264e+14,"train_samples_per_second":1.147,"train_loss":13.930643717447916,"_runtime":16.670588445,"_step":0}