{"train_loss":1.802700262901767,"train/epoch":5,"_wandb":{"runtime":2083},"train/global_step":745,"train_runtime":2083.2269,"train_steps_per_second":0.358,"_timestamp":1.763035552972855e+09,"train/loss":0.856,"train/learning_rate":3.087248322147651e-06,"_runtime":2078.926422258,"train/grad_norm":10.648106575012207,"_step":14,"train_samples_per_second":22.801,"total_flos":3.516852731023196e+17}